{"name":"scene_174176_V2","models":[{"name":"World","enable":0,"tag":"Untagged","layer":"Default","luapath":[],"videopath":[],"children":[{"name":"World/Sunlight","enable":1,"tag":"Untagged","layer":"Default","luapath":[],"videopath":[],"children":[]},{"name":"World/Land","enable":1,"tag":"Untagged","layer":"Default","luapath":[],"videopath":[],"children":[{"name":"World/Land/default","enable":1,"tag":"RealityScene","layer":"Default","luapath":[],"videopath":[],"children":[]}]}]},{"name":"HintController","enable":1,"tag":"Untagged","layer":"UI","luapath":[],"videopath":[],"children":[{"name":"HintController/backbutton","enable":0,"tag":"Untagged","layer":"UI","luapath":["Assets/InsightARWorld/InsightARExporter/Utility/BuiltinJSScripts/Landmark/BackButton.js"],"videopath":[],"children":[]},{"name":"HintController/initpanel","enable":1,"tag":"Untagged","layer":"UI","luapath":[],"videopath":[],"children":[{"name":"HintController/initpanel/initicon","enable":0,"tag":"Untagged","layer":"UI","luapath":[],"videopath":[],"children":[{"name":"HintController/initpanel/initicon/Text","enable":1,"tag":"Untagged","layer":"UI","luapath":[],"videopath":[],"children":[]}]},{"name":"HintController/initpanel/initslide","enable":1,"tag":"Untagged","layer":"UI","luapath":[],"videopath":[],"children":[]},{"name":"HintController/initpanel/initok","enable":0,"tag":"Untagged","layer":"UI","luapath":[],"videopath":[],"children":[{"name":"HintController/initpanel/initok/Text (1)","enable":1,"tag":"Untagged","layer":"UI","luapath":[],"videopath":[],"children":[]}]}]},{"name":"HintController/trackpanel","enable":1,"tag":"Untagged","layer":"UI","luapath":[],"videopath":[],"children":[{"name":"HintController/trackpanel/upicon","enable":0,"tag":"Untagged","layer":"UI","luapath":[],"videopath":[],"children":[{"name":"HintController/trackpanel/upicon/Text","enable":1,"tag":"Untagged","layer":"UI","luapath":[],"videopath":[],"children":[]}]},{"name":"HintController/trackpanel/downicon","enable":0,"tag":"Untagged","layer":"UI","luapath":[],"videopath":[],"children":[{"name":"HintController/trackpanel/downicon/Text (1)","enable":1,"tag":"Untagged","layer":"UI","luapath":[],"videopath":[],"children":[]}]},{"name":"HintController/trackpanel/tracklimitedicon","enable":0,"tag":"Untagged","layer":"UI","luapath":[],"videopath":[],"children":[{"name":"HintController/trackpanel/tracklimitedicon/Text (1)","enable":1,"tag":"Untagged","layer":"UI","luapath":[],"videopath":[],"children":[]}]},{"name":"HintController/trackpanel/trackfailicon","enable":0,"tag":"Untagged","layer":"UI","luapath":[],"videopath":[],"children":[{"name":"HintController/trackpanel/trackfailicon/Text (1)","enable":1,"tag":"Untagged","layer":"UI","luapath":[],"videopath":[],"children":[]},{"name":"HintController/trackpanel/trackfailicon/Text (2)","enable":1,"tag":"Untagged","layer":"UI","luapath":[],"videopath":[],"children":[]},{"name":"HintController/trackpanel/trackfailicon/trackfailbutton","enable":1,"tag":"Untagged","layer":"UI","luapath":["Assets/InsightARWorld/InsightARExporter/Utility/BuiltinJSScripts/Location/RepeatButton.js"],"videopath":[],"children":[]}]},{"name":"HintController/trackpanel/errorcodeicon","enable":0,"tag":"Untagged","layer":"UI","luapath":[],"videopath":[],"children":[{"name":"HintController/trackpanel/errorcodeicon/errorcodetext","enable":1,"tag":"Untagged","layer":"UI","luapath":[],"videopath":[],"children":[]},{"name":"HintController/trackpanel/errorcodeicon/errorcodebutton","enable":1,"tag":"Untagged","layer":"UI","luapath":["Assets/InsightARWorld/InsightARExporter/Utility/BuiltinJSScripts/Location/RepeatButton.js"],"videopath":[],"children":[]}]}]}]},{"name":"EventSystem","enable":1,"tag":"Untagged","layer":"Default","luapath":[],"videopath":[],"children":[]},{"name":"Manager","enable":1,"tag":"Untagged","layer":"Default","luapath":["Assets/InsightARWorld/InsightARExporter/Utility/BuiltinJSScripts/Landmark/LandmarkManager.js","Assets/InsightARWorld/InsightARExporter/Utility/BuiltinJSScripts/Landmark/LandmarkResource.js","Assets/InsightARWorld/InsightARExporter/Utility/BuiltinJSScripts/Landmark/LandmarkStateCtrl.js","Assets/InsightARWorld/InsightARExporter/Utility/BuiltinJSScripts/Util/Fw_Utility.js"],"videopath":[],"children":[]},{"name":"mainState","enable":1,"tag":"Untagged","layer":"Default","luapath":["Assets/InsightARWorld/InsightARExporter/Utility/BuiltinJSScripts/Landmark/LandmarkIdleState.js","Assets/InsightARWorld/InsightARExporter/Utility/BuiltinJSScripts/Landmark/LandmarkInitState.js","Assets/InsightARWorld/InsightARExporter/Utility/BuiltinJSScripts/Landmark/LandmarkTrackState.js"],"videopath":[],"children":[]},{"name":"Main Camera","enable":1,"tag":"MainCamera","layer":"Default","luapath":["Assets/InsightARWorld/UserContent/Scripts/Camera.js"],"videopath":[],"children":[]},{"name":"toolman","enable":0,"tag":"Untagged","layer":"Default","luapath":[],"videopath":[],"children":[{"name":"toolman/Man","enable":1,"tag":"Untagged","layer":"Default","luapath":[],"videopath":[],"children":[]},{"name":"toolman/ManArmature","enable":1,"tag":"Untagged","layer":"Default","luapath":[],"videopath":[],"children":[{"name":"toolman/ManArmature/lowerBody","enable":1,"tag":"Untagged","layer":"Default","luapath":[],"videopath":[],"children":[{"name":"toolman/ManArmature/lowerBody/L.upperLeg","enable":1,"tag":"Untagged","layer":"Default","luapath":[],"videopath":[],"children":[{"name":"toolman/ManArmature/lowerBody/L.upperLeg/L.lowerLeg","enable":1,"tag":"Untagged","layer":"Default","luapath":[],"videopath":[],"children":[{"name":"toolman/ManArmature/lowerBody/L.upperLeg/L.lowerLeg/L.foot","enable":1,"tag":"Untagged","layer":"Default","luapath":[],"videopath":[],"children":[{"name":"toolman/ManArmature/lowerBody/L.upperLeg/L.lowerLeg/L.foot/L.lowerFoot","enable":1,"tag":"Untagged","layer":"Default","luapath":[],"videopath":[],"children":[]}]}]}]},{"name":"toolman/ManArmature/lowerBody/middleBody","enable":1,"tag":"Untagged","layer":"Default","luapath":[],"videopath":[],"children":[{"name":"toolman/ManArmature/lowerBody/middleBody/Chest","enable":1,"tag":"Untagged","layer":"Default","luapath":[],"videopath":[],"children":[{"name":"toolman/ManArmature/lowerBody/middleBody/Chest/UpperChest","enable":1,"tag":"Untagged","layer":"Default","luapath":[],"videopath":[],"children":[{"name":"toolman/ManArmature/lowerBody/middleBody/Chest/UpperChest/L.shoulder","enable":1,"tag":"Untagged","layer":"Default","luapath":[],"videopath":[],"children":[{"name":"toolman/ManArmature/lowerBody/middleBody/Chest/UpperChest/L.shoulder/L.upperArm","enable":1,"tag":"Untagged","layer":"Default","luapath":[],"videopath":[],"children":[{"name":"toolman/ManArmature/lowerBody/middleBody/Chest/UpperChest/L.shoulder/L.upperArm/L.lowerArm","enable":1,"tag":"Untagged","layer":"Default","luapath":[],"videopath":[],"children":[{"name":"toolman/ManArmature/lowerBody/middleBody/Chest/UpperChest/L.shoulder/L.upperArm/L.lowerArm/L.hand","enable":1,"tag":"Untagged","layer":"Default","luapath":[],"videopath":[],"children":[{"name":"toolman/ManArmature/lowerBody/middleBody/Chest/UpperChest/L.shoulder/L.upperArm/L.lowerArm/L.hand/L.finger","enable":1,"tag":"Untagged","layer":"Default","luapath":[],"videopath":[],"children":[{"name":"toolman/ManArmature/lowerBody/middleBody/Chest/UpperChest/L.shoulder/L.upperArm/L.lowerArm/L.hand/L.finger/L.finger.001","enable":1,"tag":"Untagged","layer":"Default","luapath":[],"videopath":[],"children":[{"name":"toolman/ManArmature/lowerBody/middleBody/Chest/UpperChest/L.shoulder/L.upperArm/L.lowerArm/L.hand/L.finger/L.finger.001/L.finger.002","enable":1,"tag":"Untagged","layer":"Default","luapath":[],"videopath":[],"children":[]}]}]},{"name":"toolman/ManArmature/lowerBody/middleBody/Chest/UpperChest/L.shoulder/L.upperArm/L.lowerArm/L.hand/L.finger.003","enable":1,"tag":"Untagged","layer":"Default","luapath":[],"videopath":[],"children":[{"name":"toolman/ManArmature/lowerBody/middleBody/Chest/UpperChest/L.shoulder/L.upperArm/L.lowerArm/L.hand/L.finger.003/L.finger.004","enable":1,"tag":"Untagged","layer":"Default","luapath":[],"videopath":[],"children":[{"name":"toolman/ManArmature/lowerBody/middleBody/Chest/UpperChest/L.shoulder/L.upperArm/L.lowerArm/L.hand/L.finger.003/L.finger.004/L.finger.005","enable":1,"tag":"Untagged","layer":"Default","luapath":[],"videopath":[],"children":[]}]}]},{"name":"toolman/ManArmature/lowerBody/middleBody/Chest/UpperChest/L.shoulder/L.upperArm/L.lowerArm/L.hand/L.finger.006","enable":1,"tag":"Untagged","layer":"Default","luapath":[],"videopath":[],"children":[{"name":"toolman/ManArmature/lowerBody/middleBody/Chest/UpperChest/L.shoulder/L.upperArm/L.lowerArm/L.hand/L.finger.006/L.finger.007","enable":1,"tag":"Untagged","layer":"Default","luapath":[],"videopath":[],"children":[{"name":"toolman/ManArmature/lowerBody/middleBody/Chest/UpperChest/L.shoulder/L.upperArm/L.lowerArm/L.hand/L.finger.006/L.finger.007/L.finger.008","enable":1,"tag":"Untagged","layer":"Default","luapath":[],"videopath":[],"children":[]}]}]},{"name":"toolman/ManArmature/lowerBody/middleBody/Chest/UpperChest/L.shoulder/L.upperArm/L.lowerArm/L.hand/L.finger.009","enable":1,"tag":"Untagged","layer":"Default","luapath":[],"videopath":[],"children":[{"name":"toolman/ManArmature/lowerBody/middleBody/Chest/UpperChest/L.shoulder/L.upperArm/L.lowerArm/L.hand/L.finger.009/L.finger.010","enable":1,"tag":"Untagged","layer":"Default","luapath":[],"videopath":[],"children":[{"name":"toolman/ManArmature/lowerBody/middleBody/Chest/UpperChest/L.shoulder/L.upperArm/L.lowerArm/L.hand/L.finger.009/L.finger.010/L.finger.011","enable":1,"tag":"Untagged","layer":"Default","luapath":[],"videopath":[],"children":[]}]}]},{"name":"toolman/ManArmature/lowerBody/middleBody/Chest/UpperChest/L.shoulder/L.upperArm/L.lowerArm/L.hand/L.finger.012","enable":1,"tag":"Untagged","layer":"Default","luapath":[],"videopath":[],"children":[{"name":"toolman/ManArmature/lowerBody/middleBody/Chest/UpperChest/L.shoulder/L.upperArm/L.lowerArm/L.hand/L.finger.012/L.finger.013","enable":1,"tag":"Untagged","layer":"Default","luapath":[],"videopath":[],"children":[{"name":"toolman/ManArmature/lowerBody/middleBody/Chest/UpperChest/L.shoulder/L.upperArm/L.lowerArm/L.hand/L.finger.012/L.finger.013/L.finger.014","enable":1,"tag":"Untagged","layer":"Default","luapath":[],"videopath":[],"children":[]}]}]}]}]}]}]},{"name":"toolman/ManArmature/lowerBody/middleBody/Chest/UpperChest/neck","enable":1,"tag":"Untagged","layer":"Default","luapath":[],"videopath":[],"children":[{"name":"toolman/ManArmature/lowerBody/middleBody/Chest/UpperChest/neck/head","enable":1,"tag":"Untagged","layer":"Default","luapath":[],"videopath":[],"children":[]}]},{"name":"toolman/ManArmature/lowerBody/middleBody/Chest/UpperChest/R.shoulder","enable":1,"tag":"Untagged","layer":"Default","luapath":[],"videopath":[],"children":[{"name":"toolman/ManArmature/lowerBody/middleBody/Chest/UpperChest/R.shoulder/R.upperArm","enable":1,"tag":"Untagged","layer":"Default","luapath":[],"videopath":[],"children":[{"name":"toolman/ManArmature/lowerBody/middleBody/Chest/UpperChest/R.shoulder/R.upperArm/R.lowerArm","enable":1,"tag":"Untagged","layer":"Default","luapath":[],"videopath":[],"children":[{"name":"toolman/ManArmature/lowerBody/middleBody/Chest/UpperChest/R.shoulder/R.upperArm/R.lowerArm/R.hand","enable":1,"tag":"Untagged","layer":"Default","luapath":[],"videopath":[],"children":[{"name":"toolman/ManArmature/lowerBody/middleBody/Chest/UpperChest/R.shoulder/R.upperArm/R.lowerArm/R.hand/R.finger","enable":1,"tag":"Untagged","layer":"Default","luapath":[],"videopath":[],"children":[{"name":"toolman/ManArmature/lowerBody/middleBody/Chest/UpperChest/R.shoulder/R.upperArm/R.lowerArm/R.hand/R.finger/R.finger.001","enable":1,"tag":"Untagged","layer":"Default","luapath":[],"videopath":[],"children":[{"name":"toolman/ManArmature/lowerBody/middleBody/Chest/UpperChest/R.shoulder/R.upperArm/R.lowerArm/R.hand/R.finger/R.finger.001/R.finger.002","enable":1,"tag":"Untagged","layer":"Default","luapath":[],"videopath":[],"children":[]}]}]},{"name":"toolman/ManArmature/lowerBody/middleBody/Chest/UpperChest/R.shoulder/R.upperArm/R.lowerArm/R.hand/R.finger.003","enable":1,"tag":"Untagged","layer":"Default","luapath":[],"videopath":[],"children":[{"name":"toolman/ManArmature/lowerBody/middleBody/Chest/UpperChest/R.shoulder/R.upperArm/R.lowerArm/R.hand/R.finger.003/R.finger.004","enable":1,"tag":"Untagged","layer":"Default","luapath":[],"videopath":[],"children":[{"name":"toolman/ManArmature/lowerBody/middleBody/Chest/UpperChest/R.shoulder/R.upperArm/R.lowerArm/R.hand/R.finger.003/R.finger.004/R.finger.005","enable":1,"tag":"Untagged","layer":"Default","luapath":[],"videopath":[],"children":[]}]}]},{"name":"toolman/ManArmature/lowerBody/middleBody/Chest/UpperChest/R.shoulder/R.upperArm/R.lowerArm/R.hand/R.finger.006","enable":1,"tag":"Untagged","layer":"Default","luapath":[],"videopath":[],"children":[{"name":"toolman/ManArmature/lowerBody/middleBody/Chest/UpperChest/R.shoulder/R.upperArm/R.lowerArm/R.hand/R.finger.006/R.finger.007","enable":1,"tag":"Untagged","layer":"Default","luapath":[],"videopath":[],"children":[{"name":"toolman/ManArmature/lowerBody/middleBody/Chest/UpperChest/R.shoulder/R.upperArm/R.lowerArm/R.hand/R.finger.006/R.finger.007/R.finger.008","enable":1,"tag":"Untagged","layer":"Default","luapath":[],"videopath":[],"children":[]}]}]},{"name":"toolman/ManArmature/lowerBody/middleBody/Chest/UpperChest/R.shoulder/R.upperArm/R.lowerArm/R.hand/R.finger.009","enable":1,"tag":"Untagged","layer":"Default","luapath":[],"videopath":[],"children":[{"name":"toolman/ManArmature/lowerBody/middleBody/Chest/UpperChest/R.shoulder/R.upperArm/R.lowerArm/R.hand/R.finger.009/R.finger.010","enable":1,"tag":"Untagged","layer":"Default","luapath":[],"videopath":[],"children":[{"name":"toolman/ManArmature/lowerBody/middleBody/Chest/UpperChest/R.shoulder/R.upperArm/R.lowerArm/R.hand/R.finger.009/R.finger.010/R.finger.011","enable":1,"tag":"Untagged","layer":"Default","luapath":[],"videopath":[],"children":[]}]}]},{"name":"toolman/ManArmature/lowerBody/middleBody/Chest/UpperChest/R.shoulder/R.upperArm/R.lowerArm/R.hand/R.finger.012","enable":1,"tag":"Untagged","layer":"Default","luapath":[],"videopath":[],"children":[{"name":"toolman/ManArmature/lowerBody/middleBody/Chest/UpperChest/R.shoulder/R.upperArm/R.lowerArm/R.hand/R.finger.012/R.finger.013","enable":1,"tag":"Untagged","layer":"Default","luapath":[],"videopath":[],"children":[{"name":"toolman/ManArmature/lowerBody/middleBody/Chest/UpperChest/R.shoulder/R.upperArm/R.lowerArm/R.hand/R.finger.012/R.finger.013/R.finger.014","enable":1,"tag":"Untagged","layer":"Default","luapath":[],"videopath":[],"children":[]}]}]}]}]}]}]}]}]}]},{"name":"toolman/ManArmature/lowerBody/R.upperLeg","enable":1,"tag":"Untagged","layer":"Default","luapath":[],"videopath":[],"children":[{"name":"toolman/ManArmature/lowerBody/R.upperLeg/R.lowerLeg","enable":1,"tag":"Untagged","layer":"Default","luapath":[],"videopath":[],"children":[{"name":"toolman/ManArmature/lowerBody/R.upperLeg/R.lowerLeg/R.foot","enable":1,"tag":"Untagged","layer":"Default","luapath":[],"videopath":[],"children":[{"name":"toolman/ManArmature/lowerBody/R.upperLeg/R.lowerLeg/R.foot/R.lowerFoot","enable":1,"tag":"Untagged","layer":"Default","luapath":[],"videopath":[],"children":[]}]}]}]}]}]}]},{"name":"Canvas","enable":1,"tag":"Untagged","layer":"UI","luapath":[],"videopath":[],"children":[{"name":"Canvas/welcome","enable":1,"tag":"Untagged","layer":"UI","luapath":[],"videopath":[],"children":[{"name":"Canvas/welcome/Image","enable":0,"tag":"Untagged","layer":"UI","luapath":[],"videopath":[],"children":[{"name":"Canvas/welcome/Image/Text","enable":1,"tag":"Untagged","layer":"UI","luapath":[],"videopath":[],"children":[]},{"name":"Canvas/welcome/Image/Image","enable":1,"tag":"Untagged","layer":"UI","luapath":[],"videopath":[],"children":[]}]}]},{"name":"Canvas/Hint","enable":1,"tag":"Untagged","layer":"UI","luapath":[],"videopath":[],"children":[{"name":"Canvas/Hint/Text","enable":0,"tag":"Untagged","layer":"UI","luapath":[],"videopath":[],"children":[]}]},{"name":"Canvas/GameObject","enable":1,"tag":"Untagged","layer":"UI","luapath":[],"videopath":[],"children":[]}]},{"name":"Manager","enable":1,"tag":"Untagged","layer":"Default","luapath":["Assets/InsightARWorld/UserContent/Scripts/Manager.js"],"videopath":[],"children":[]},{"name":"Trigger","enable":1,"tag":"Untagged","layer":"Default","luapath":[],"videopath":[],"children":[{"name":"Trigger/Cube0","enable":1,"tag":"Untagged","layer":"Default","luapath":[],"videopath":[],"children":[]},{"name":"Trigger/Cube1","enable":1,"tag":"Untagged","layer":"Default","luapath":[],"videopath":[],"children":[]},{"name":"Trigger/Cube2","enable":1,"tag":"Untagged","layer":"Default","luapath":[],"videopath":[],"children":[]}]},{"name":"Barier","enable":1,"tag":"Untagged","layer":"Default","luapath":[],"videopath":[],"children":[{"name":"Barier/barrier0","enable":0,"tag":"Untagged","layer":"Default","luapath":["Assets/InsightARWorld/UserContent/Scripts/Collision.js"],"videopath":[],"children":[{"name":"Barier/barrier0/Point Light","enable":1,"tag":"Untagged","layer":"Default","luapath":[],"videopath":[],"children":[]}]},{"name":"Barier/barrier1","enable":0,"tag":"Untagged","layer":"Default","luapath":["Assets/InsightARWorld/UserContent/Scripts/Collision.js"],"videopath":[],"children":[{"name":"Barier/barrier1/Point Light","enable":1,"tag":"Untagged","layer":"Default","luapath":[],"videopath":[],"children":[]}]},{"name":"Barier/barrier2","enable":0,"tag":"Untagged","layer":"Default","luapath":["Assets/InsightARWorld/UserContent/Scripts/Collision.js"],"videopath":[],"children":[{"name":"Barier/barrier2/Point Light","enable":1,"tag":"Untagged","layer":"Default","luapath":[],"videopath":[],"children":[]}]}]}]}