{
    "InputFeatureNum" : 1,
    "InputWidth" : 256,
    "InputHeight" : 256,
    "OutFeatureNum" : 1,
    "OutFeatureWidth" : 1,
    "OutFeatureHeight" : 1,
    "OutFeatureChannel" : 5,
    
    "ncnn" : {
        "InputFeatureIndex" : 0,
        "OutFeatureIndex" : 48,
        "InputFeatureName" : "data",
        "OutFeatureName" : "prob_cls",
        "WeightPath" : "ncnn.bin",
        "ParamPath" : "ncnn.weight",
        "Means" : [0.0, 0.0, 0.0],
        "Norms" : [0.00392, 0.00392, 0.00392],
        "Format": "RGB"
    },
    
    "coreml" : {
          "bEncrypted" : 1,
          "MlmodelcPath" : "ObjectDetector.mlmodelc",
          "InputFeatureName" : "data",
          "OutFeatureName" : "prob_cls"
    }
}





