<?xml version="1.0" encoding="utf-8"?>
<Languages>

  <English>
    <string name="Main Setup">Main Setup</string>
    <string name="Tail Chain">Tail Chain</string>
    <string name="Optimization And More">Optimization &amp; More</string>
    
    <string name="Tweak Animation">Tweak Animation</string>
    <string name="Limiting Motion">Limiting Motion</string>
    <string name="Smoothing Motion">Smoothing Motion</string>
    <string name="Additional Parameters">Additional Parameters</string>

    <string name="Additional Modules">Additional Modules</string>
    <string name="Auto Waving">Auto Waving</string>
    <string name="Collisions">Collisions</string>
    <string name="Colliders Setup">Colliders Setup</string>
    
    <string name="Partial Blend">Partial Blend</string>
    <string name="Inverse Kinematics">Inverse Kinematics (IK)</string>
    <string name="Deflection">Deflection</string>
    <string name="Disable when Far">Disable when Far</string>

    <string name="Additional Shaping">Additional Shaping</string>
    
    <string name="Physical Effectors">Physical Effectors</string>
    <string name="Wind">Wind Effect</string>
  </English>

  <Polski>
    <string name="Main Setup">Konfiguracja</string>
    <string name="Tail Chain">Łańcuch</string>
    <string name="Optimization And More">Optymalizacja i Inne</string>

    <string name="Tweak Animation">Przystosowanie Animacji</string>
    <string name="Limiting Motion">Limitowanie</string>
    <string name="Smoothing Motion">Wygładzanie Ruchu</string>
    <string name="Additional Parameters">Parametry Dodatkowe</string>

    <string name="Additional Modules">Dodatkowe Moduły</string>
    <string name="Auto Waving">Machanie</string>
    <string name="Collisions">Kolizje</string>
    <string name="Colliders Setup">Konfiguracja Koliderów</string>

    <string name="Partial Blend">Częściowy Wpływ Animatora</string>
    <string name="Inverse Kinematics">Odwrócona Kinematyka (IK)</string>
    <string name="Deflection">Odgięcia</string>
    <string name="Disable when Far">Wyłącz gdy zbyt daleko</string>

    <string name="Additional Shaping">Dodatkowe Kształtowanie</string>

    <string name="Physical Effectors">Efekty Fizyczne</string>
    <string name="Wind">Efekt Wiatru</string>
  </Polski>

  <русский>
    <string name="Main Setup">Основная настройка</string>
    <string name="Tail Chain">хвост цепи</string>
    <string name="Optimization And More">Оптимизация и многое другое</string>

    <string name="Tweak Animation">Настроить анимацию</string>
    <string name="Limiting Motion">Ограничение движения</string>
    <string name="Smoothing Motion">Сглаживание движения</string>
    <string name="Additional Parameters">Дополнительные параметры</string>

    <string name="Additional Modules">Дополнительные модули</string>
    <string name="Auto Waving">Авто Размахивая</string>
    <string name="Collisions">Столкновения</string>
    <string name="Colliders Setup">Коллайдеры Настройка</string>

    <string name="Partial Blend">Частичная смесь</string>
    <string name="Inverse Kinematics">Обратная кинематика (IK)</string>
    <string name="Deflection">Отражение</string>
    <string name="Disable when Far">Выключите, когда далеко</string>

    <string name="Additional Shaping">Дополнительные формы</string>

    <string name="Physical Effectors">Физические эффекторы</string>
    <string name="Wind">Воздействие ветра</string>
  </русский>

  <中文>
    <string name="Main Setup">主设置</string>
    <string name="Tail Chain">尾链</string>
    <string name="Optimization And More">优化和更多</string>

    <string name="Tweak Animation">调整动画</string>
    <string name="Limiting Motion">限制运动</string>
    <string name="Smoothing Motion">平滑运动</string>
    <string name="Additional Parameters">附加参数</string>

    <string name="Additional Modules">附加模块</string>
    <string name="Auto Waving">自动挥动</string>
    <string name="Collisions">碰撞</string>
    <string name="Colliders Setup">碰撞器设置</string>

    <string name="Partial Blend">部分混合</string>
    <string name="Inverse Kinematics">反向运动 (IK)</string>
    <string name="Deflection">偏转</string>
    <string name="Disable when Far">远方时关闭</string>

    <string name="Additional Shaping">附加整形</string>

    <string name="Physical Effectors">物理效应器</string>
    <string name="Wind">风效应</string>
  </中文>
  

  <日本語>
    <string name="Main Setup">メインセットアップ</string>
    <string name="Tail Chain">テールチェーン</string>
    <string name="Optimization And More">最適化と、モーションを制限するアニメーション</string>

    <string name="Tweak Animation">スムージングモーション</string>
    <string name="Limiting Motion">を制限するアニメーションを</string>
    <string name="Smoothing Motion">ツイークする追加パラメータ</string>
    <string name="Additional Parameters">追加のパラメータ</string>

    <string name="Additional Modules">コライダの自動</string>
    <string name="Auto Waving">ウェーブ</string>
    <string name="Collisions">コライダ設定</string>
    <string name="Colliders Setup">コライダ設定</string>

    <string name="Partial Blend">部分ブレンド</string>
    <string name="Inverse Kinematics">インバースキネマティクス (IK)</string>
    <string name="Deflection">偏向</string>
    <string name="Disable when Far">遠く離れたときにオフにする</string>

    <string name="Additional Shaping">追加シェーピング</string>

    <string name="Physical Effectors">フィジカルエフェクター</string>
    <string name="Wind">風の効果</string>
  </日本語>


  <한국어>
    <string name="Main Setup">메인 설정</string>
    <string name="Tail Chain">테일 체인</string>
    <string name="Optimization And More">최적화 및 더 많은</string>

    <string name="Tweak Animation">애니메이션 조정</string>
    <string name="Limiting Motion">모션 제한</string>
    <string name="Smoothing Motion">스무딩 모션</string>
    <string name="Additional Parameters">추가 매개 변수</string>

    <string name="Additional Modules">추가 모듈</string>
    <string name="Auto Waving">자동 흔들기</string>
    <string name="Collisions">충돌</string>
    <string name="Colliders Setup">콜라이더 설정</string>

    <string name="Partial Blend">부분 혼합</string>
    <string name="Inverse Kinematics">역 역학 (IK)</string>
    <string name="Deflection">편향</string>
    <string name="Disable when Far">멀리 떨어져 있을 때 끄기</string>

    <string name="Additional Shaping">추가 성형</string>

    <string name="Physical Effectors">물리 효과</string>
    <string name="Wind">바람 효과</string>
  </한국어>
  
</Languages>